dt,name,content_title,content_season_number,content_episode_number,content_time_spent_sec
2021-09-0105:00:01, Joe, Ruthless,1,1,1000
2021-09-0107:00:01, Joe, House of Payne,5,5,1005
2021-09-0212:00:01, Joe, Ruthless,1,2,1005
2021-09-0512:00:04, Joe, Bruh,1,1,2000
2021-08-0105:00:01, Mary, All The Queens Men,1,1,1000
2021-08-1407:00:01, Mary, All The Queens Men,1,2,1005
2021-09-1712:00:01, Jane, Ruthless,1,1,1005
2021-09-1812:00:04, Jane, Ruthless,1,2,2000
,,,,,
,,,,,
,,,,,
,,,,,
,,,,,
,,,,,
,,,,,
,,,,,
,,,,,
,,,,,
